Municipality,Parish,Municipality (ID 2),Parish (ID 3),Cases (mean),popden_mean,altitude_mean,fcover_mean,Cropland,Mixed,Vegetation,Urban,Bare,Shores,cmi_all_mean,cmi_jan_mean,cmi_fev_mean,cmi_mar_mean,cmi_abr_mean,cmi_may_mean,cmi_jun_mean,cmi_jul_mean,cmi_ago_mean,cmi_set_mean,cmi_oct_mean,cmi_nov_mean,cmi_dez_mean,hurs_all_mean,hurs_jan_mean,hurs_fev_mean,hurs_mar_mean,hurs_abr_mean,hurs_may_mean,hurs_jun_mean,hurs_jul_mean,hurs_ago_mean,hurs_set_mean,________________october,november,HD,pr_all_mean,pr_jan_mean,pr_fev_mean,pr_mar_mean,pr_abr_mean,pr_may_mean,pr_jun_mean,pr_jul_mean,pr_ago_mean,pr_set_mean,pr_oct_mean,pr_nov_mean,pr_dez_mean,Wall,WJ,WF,WM,WA,WM,WJ,WJ,WA,WS,WO,WN,WD,maxtemp_all_mean,maxtemp_jan_mean,maxtemp_fev_mean,maxtemp_mar_mean,maxtemp_abr_mean,maxtemp_may_mean,maxtemp_jun_mean,maxtemp_jul_mean,maxtemp_ago_mean,maxtemp_set_mean,maxtemp_oct_mean,maxtemp_nov_mean,maxtemp_dez_mean,mintemp_all_mean,mintemp_jan_mean,mintemp_fev_mean,mintemp_mar_mean,mintemp_abr_mean,mintemp_may_mean,mintemp_jun_mean,mintemp_jul_mean,mintemp_ago_mean,mintemp_set_mean,mintemp_oct_mean,mintemp_nov_mean,mintemp_dez_mean,temp_all_mean,temp_jan_mean,temp_fev_mean,temp_mar_mean,temp_abr_mean,temp_may_mean,temp_jun_mean,temp_jul_mean,temp_ago_mean,temp_set_mean,temp_oct_mean,temp_nov_mean,temp_dez_mean
Camara de Lobos,2,181,2532,49.35,1803.178474,339.4545455,0.533333361,0.25,0.151515152,0.151515152,0.378787879,0.007575758,0.060606061,43.35381901,156.1083323,148.7333336,78.0666666,30.97916691,-51.67500067,-108.1874987,-159.1166668,-144.1000004,-24.10833321,119.6124986,196.9875005,276.9458294,0.621052777,0.623137504,0.623912498,0.620770832,0.611750004,0.616533334,0.62181667,0.612116662,0.613816661,0.61839166,0.627216664,0.623370834,0.639800005,165.2163199,230.8208357,235.4124997,193.329167,165.1541665,96.86666648,48.4666667,13.85416663,20.20833325,110.9541667,235.9375,280.3166682,351.2750015,2.535128465,2.793874979,2.730624994,2.823541661,2.645583342,2.440874999,2.184416662,2.420333326,2.274374997,2.098208333,2.405374994,2.684416652,2.91991664,18.97291671,15.48333335,15.45000009,16.19166668,16.64583329,18.21250017,20.77083333,22.88750029,23.72916659,22.87083332,20.5666666,18.32500005,16.54166671,15.56284724,12.92916671,12.49166671,12.85833339,13.24999992,14.56666668,16.63333329,18.27083341,19.2833333,19.1208334,17.60416667,15.67916671,14.06666672,17.13645836,14.25416656,13.95833341,14.40833338,14.84166662,16.21666662,18.46666662,20.23333343,21.15416678,20.7458334,18.99583348,17.00000012,15.36249991
Camara de Lobos,5,181,2533,9.95,65.338904,1102.875,0.404717968,0,0.028089888,0.926966292,0,0.04494382,0,86.68749997,222.2895829,216.6583328,141.2833333,84.45833365,-18.69583342,-98.53541629,-173.4083335,-145.745834,7.625000015,179.4583333,267.370834,357.4916668,0.609919098,0.630493754,0.615475001,0.586525003,0.620310418,0.61838958,0.588597919,0.532189582,0.564272922,0.623343748,0.649393747,0.636304166,0.653733332,205.8090281,290.0916684,296.9479192,247.8520829,208.0375017,122.0270832,63.51666641,20.66458344,29.07916665,136.906251,287.347915,342.6229165,424.6145827,4.686421874,4.934208299,4.886583348,5.079770878,4.880041659,4.590499997,4.30216668,4.797645812,4.470666657,3.987374996,4.374562487,4.801333358,5.132208318,15.64253472,11.15000004,11.31666672,12.47083334,12.64791667,14.71666672,18.83333325,22.43750008,22.31874998,19.57916665,16.45208323,13.81041662,11.97708329,11.85972223,8.310416659,8.027083367,8.752083371,8.891666671,10.6625,14.29166671,17.38958351,17.41458325,15.37708324,13.16458333,10.83749998,9.197916667,13.59982639,9.777083298,9.658333321,10.48541669,10.6291667,12.49791664,16.29166657,19.5270834,19.46249994,17.18541682,14.68750006,12.30833328,10.68749998
Camara de Lobos,4,181,2534,9.95,1108.920925,516.6,0.543636384,0.315789474,0.172932331,0.436090226,0.07518797,0,0,59.94249964,179.4800003,172.4999992,99.20499916,49.92000027,-38.79000034,-101.864999,-158.8349983,-142.1050018,-12.75499994,141.5749996,222.6700005,308.309996,0.644969166,0.651015002,0.644980001,0.63508001,0.637200001,0.643565002,0.647530001,0.628264993,0.634749994,0.645199999,0.656579995,0.645575002,0.669889995,180.5837507,252.7600037,258.070002,212.3400009,181.2049995,106.4900002,53.60499973,15.69999995,22.81999969,121.1049995,256.6949997,305.1600021,381.0550018,3.134099996,3.408700001,3.343699992,3.463150048,3.266299999,3.030450016,2.750849986,3.060049981,2.866649979,2.615700001,2.959600002,3.286899984,3.557149959,18.08249998,14.30500002,14.33000002,15.19500008,15.57999997,17.28500013,20.25999985,22.7750001,23.36999989,22.00500002,19.46999979,17.10999994,15.30500002,14.53624999,11.65500011,11.26000009,11.72000003,12.03999987,13.48999996,15.97000003,18.00500011,18.75499983,18.08999996,16.3849998,14.34499993,12.72000012,16.1704167,13.0349998,12.78500004,13.33499994,13.69500003,15.20500011,17.86499987,20.02000017,20.68999987,19.78000021,17.82500024,15.72000022,14.08999991
Camara de Lobos,3,181,2535,9.95,485.3086366,898.3888889,0.585866698,0.068965517,0.181034483,0.74137931,0.00862069,0,0,82.19629636,212.4777773,205.1555557,128.8611111,76.55555534,-22.72222238,-96.86666573,-164.3722229,-142.9333335,3.066666722,172.1944444,260.3055539,354.6333364,0.636301388,0.653138889,0.635977775,0.61459445,0.637911111,0.64036111,0.627666662,0.583666666,0.607233326,0.64613333,0.663977775,0.648422225,0.676533341,201.5976857,282.5055576,288.5666673,239.25,203.883333,119.3777784,60.30555556,17.98888895,25.63333331,134.4611117,283.9944475,339.0444438,424.1611108,3.337814813,3.611166689,3.54966667,3.681888911,3.488111112,3.246555514,2.951611121,3.262388839,3.060222242,2.791888906,3.148777763,3.489388876,3.772111111,16.57268518,12.36111111,12.47222228,13.5111111,13.76666668,15.69999981,19.37222216,22.5666666,22.73333338,20.50000011,17.58888891,15.05555556,13.24444442,12.88796293,9.600000064,9.266666677,9.894444413,10.09444438,11.74999995,14.93888887,17.61666679,17.93333308,16.42777771,14.38888884,12.19999992,10.54444446,14.58148145,11.03888883,10.86666663,11.57222218,11.79999998,13.52222225,16.89444441,19.70000002,19.92222193,18.17222224,15.88888889,13.61111122,11.98888879
Camara de Lobos,1,181,2536,9.95,393.2180634,494.8333333,0.628000027,0.015384615,0.323076923,0.476923077,0.123076923,0,0.061538462,46.41180485,159.5499973,153.9916674,83.84999975,37.83333329,-47.86666695,-107.9749985,-163.5333341,-148.8916677,-23.79166692,123.7083314,202.9166667,287.1499964,0.6284625,0.632466674,0.628208339,0.622374997,0.620216663,0.62545,0.6306,0.614216665,0.619891668,0.629166653,0.638291672,0.629500002,0.651166673,173.2090279,241.341671,246.2416649,203.5416667,174.1916656,101.8749994,50.90833346,14.35833311,20.57500013,116.2750003,246.5666669,293.5666656,369.0666682,3.486013881,3.84800001,3.76274999,3.890250007,3.651500007,3.370250007,3.004666646,3.294416666,3.099916657,2.874833286,3.307749987,3.69841665,4.02941666,18.35416672,14.70833333,14.68333332,15.49999992,15.89166681,17.55000003,20.39166673,22.78333346,23.45833365,22.24999984,19.8083334,17.50833344,15.7166667,14.91597224,12.12500008,11.70833325,12.14166665,12.4749999,13.875,16.23333327,18.13333352,18.98333343,18.46666654,16.81666676,14.82500005,13.20833341,16.4951389,13.45833325,13.18333348,13.69166668,14.0666666,15.54166667,18.07500013,20.10000006,20.83333349,20.0999999,18.2166667,16.1583333,14.51666657
Calheta,7,182,2537,9.95,225.5511371,702.5769231,0.341481496,0.1,0.190909091,0.6,0.045454545,0,0.063636364,105.736029,248.7147046,238.5117645,162.4647053,101.2911766,-13.04999994,-95.03823538,-164.4676482,-145.9941182,9.873529343,201.6676465,307.4441178,417.4147052,0.614115931,0.623838237,0.616629413,0.601144116,0.61431177,0.616617645,0.605461764,0.572652936,0.588935292,0.620170586,0.637982353,0.628014705,0.643632351,227.8073535,320.7705886,325.3058822,275.9382378,233.7058841,132.8588232,64.7911764,17.52647052,23.44411766,144.2176482,317.0500004,386.9647064,491.1147066,2.72938481,2.816323519,2.820941192,2.955323542,2.872999998,2.732911769,2.583764711,2.809823545,2.591647082,2.305117635,2.518000003,2.775911776,2.969852952,16.80465686,13.16470595,13.10294115,13.93235282,14.10000007,15.79117652,19.01764718,21.81470579,22.19411771,20.52352945,18.10294104,15.81764698,14.09411764,13.99142155,10.98529416,10.61764709,11.11176471,11.30294124,12.83235286,15.72058804,18.12941175,18.62647068,17.48529401,15.61470584,13.53235292,11.93823528,15.29681375,12.08529408,11.82941179,12.42941178,12.62058816,14.19705893,17.19705873,19.72058835,20.15882352,18.81470602,16.78529417,14.64705882,13.07647063
Calheta,6,182,2538,9.95,112.4880557,955.78,0.385826104,0.079889807,0.159779614,0.70523416,0.038567493,0,0.016528926,118.6588331,269.106001,258.8539993,181.8919994,116.2619994,-5.038000095,-93.21199982,-168.53,-145.6760004,19.94799999,219.7820004,328.6179977,441.9000006,0.604226832,0.619612001,0.609727998,0.588263999,0.609186002,0.608819997,0.587995997,0.544814003,0.567287998,0.612553998,0.635824,0.626133996,0.640501999,238.4778338,336.687998,341.5800006,290.9500024,245.0480017,138.9380008,68.73800034,19.41600004,25.45400005,150.3820004,329.9360004,403.3040009,511.2999994,3.32165,3.400859995,3.414739997,3.584260015,3.489760005,3.329220004,3.165299985,3.45934,3.189140007,2.821240013,3.060360007,3.36269999,3.582879977,16.03066663,12.19600004,12.16399992,13.06599987,13.18799999,14.97599993,18.53599995,21.65599983,21.81200012,19.73999996,17.16399998,14.79599998,13.07400003,13.23166665,10.02399998,9.681999979,10.25999995,10.40600008,12.034,15.27999992,18.00200005,18.27599998,16.70199993,14.68199997,12.50200001,10.92999997,14.53066668,11.112,10.90200007,11.56999996,11.70799997,13.386,16.74800005,19.58199997,19.79400002,18.03600002,15.84200005,13.62799999,12.06000004
Calheta,5,182,2539,9.95,122.8561761,722.1290323,0.463407429,0.138248848,0.152073733,0.622119816,0.059907834,0,0.02764977,117.544892,265.6000007,254.5258061,177.4354836,112.9612899,-5.900000069,-91.23225821,-162.8516127,-143.9129043,16.23548388,217.0419336,328.0870937,442.5483881,0.636604837,0.645954836,0.636990322,0.618799994,0.636748387,0.641438709,0.63270645,0.598522588,0.614645158,0.642367734,0.66037419,0.646177421,0.664532256,237.6852146,335.7161284,339.7999976,289.1161287,243.7870971,137.900001,66.71612918,17.69354845,23.05806455,147.7548375,329.7258065,405.964513,514.990323,3.435293011,3.500838726,3.52322583,3.703290309,3.6091613,3.4494516,3.292129024,3.597419331,3.307258075,2.917548399,3.157354847,3.471354838,3.694483849,16.80537633,13.40483869,13.27258064,13.98225803,14.14354841,15.72419339,18.78548376,21.4532259,21.90161299,20.41774196,18.20483878,16.02741931,14.34677416,14.42795698,11.52096776,11.13064517,11.57903225,11.76290321,13.24677424,16.07258049,18.42096766,18.95967748,17.88870978,16.06290316,14.01774191,12.47258066,15.53790321,12.45322572,12.15967747,12.70483872,12.88870971,14.39838717,17.32096777,19.75645139,20.23709666,19.02096779,17.07903225,14.98870963,13.44677418
Calheta,2,182,2540,9.95,97.64086641,759.4634146,0.620969723,0.006024096,0.207831325,0.734939759,0.006024096,0.003012048,0.042168675,109.0835222,253.61818,241.9386357,167.906818,104.2590902,-11.49090911,-94.04999976,-163.1977282,-144.138637,10.01136363,205.2931817,314.5863627,424.265908,0.636772916,0.644065907,0.635849995,0.617204544,0.63892272,0.644511365,0.635338637,0.598854545,0.615193183,0.643652275,0.66063409,0.644872725,0.662175002,227.2751894,321.5863654,324.759089,277.070455,233.129545,131.220455,63.15681856,16.47045452,21.09545452,138.9613632,314.6568198,390.2977281,494.8977245,3.71770265,3.772704553,3.804068175,4.00445451,3.897749977,3.73077275,3.572749994,3.91997728,3.598750006,3.164227274,3.414454569,3.75177274,3.980749976,16.6778409,13.42500006,13.22045456,13.88409094,14.00681816,15.53181811,18.56818182,21.18636335,21.62272731,20.21590913,18.11818186,15.99772722,14.35681824,14.62859848,11.74318177,11.35454544,11.78409087,11.94090908,13.4227273,16.2863636,18.66590916,19.16818203,18.0545454,16.23863632,14.20227261,12.68181818,15.59071967,12.56136355,12.25227271,12.76590913,12.92727275,14.42272726,17.35227273,19.78863629,20.26136359,19.02954535,17.12272737,15.06590906,13.53863629
Calheta,3b,182,2541,0,256.1009115,225.3333333,0.420013011,0.05,0.25,0.05,0.15,0,0.5,67.10833359,191.899999,185.3333333,115.3333308,61.46666718,-38.39999898,-108.1666641,-167.4666646,-157.8333333,-24.63333384,149.5,249.1333364,349.1333313,0.617013885,0.603533328,0.61316667,0.613533318,0.609766662,0.620799998,0.628499985,0.621800005,0.620233337,0.618433317,0.62286667,0.613199989,0.61833334,203.5222218,287.2333272,289.2333272,245.2333374,207.8333333,117.399999,54.63333384,12.89999994,17.20000013,125.0333328,284.9666646,352.4000041,448.200002,3.830138889,3.899333318,3.927999973,4.129666646,4.037333409,3.861666679,3.688666662,4.002666632,3.667999983,3.238333384,3.509333372,3.868333419,4.130333185,18.66666667,15.95000013,15.68333308,16.15000025,16.38333321,17.61666679,19.68333308,21.51666641,22.51666705,22.18333371,20.58333333,18.68333308,17.04999987,16.60000004,14.28333346,13.85000006,14.01666673,14.28333314,15.48333327,17.34999975,18.91666667,20.01666705,20.04999987,18.64999962,16.9166673,15.38333352,17.56388879,15.11666648,14.75,15.01666673,15.28333314,16.48333295,18.41666667,20.0833327,21.11666743,21.01666641,19.54999987,17.75,16.18333308
Calheta,3a,182,2542,0,724.0329494,242,0.356000006,0,0.21875,0.28125,0.125,0.03125,0.34375,66.4766668,190.5200012,181.1200012,112.8000015,59.18000031,-38.36000061,-105.9,-162.5600006,-151.6399994,-22.46000023,147.3800018,245.7399963,341.9,0.621086666,0.606759989,0.616079998,0.615639997,0.615779996,0.627179992,0.633860004,0.62392,0.623799992,0.624240005,0.627880001,0.616320002,0.621580017,194.7866675,275.2799988,276.8200012,235.1800018,199.1399994,112.2,52.12000046,12.23999996,16.13999996,118.4800003,272.1000061,338.1200012,429.6200012,3.307299987,3.342399979,3.375599957,3.557000017,3.479399967,3.336600018,3.203199959,3.493599987,3.197599936,2.808600044,3.025400019,3.327399969,3.540799999,18.53000015,15.87000027,15.61000004,16.03000031,16.18999977,17.42999992,19.53000069,21.35000038,22.32999992,22.05000038,20.45000038,18.57000008,16.94999962,16.62833335,14.30999985,13.85,14.07000008,14.31000004,15.47000008,17.43000031,19.02999992,20.07000046,20.03000031,18.67000008,16.90999947,15.38999958,17.52333336,15.08999996,14.68999996,14.98999996,15.22999992,16.40999985,18.41000023,20.04999962,21.07000046,20.95,19.50999985,17.71000042,16.17000008
Calheta,1,182,2543,0,29.31823418,708.1162791,0.627034506,0.045454545,0.136363636,0.678977273,0.017045455,0,0.122159091,92.95238048,229.7510206,219.920408,149.9734683,87.71020375,-22.36938783,-99.10000034,-164.1510209,-144.6306121,0.975510032,184.3959189,286.5387741,386.4142833,0.638362074,0.638734693,0.635126529,0.619279595,0.639738773,0.647116327,0.643320407,0.612063269,0.625148981,0.646561219,0.657493878,0.641438774,0.654322448,210.8056124,297.6367356,301.2387764,257.9081623,216.283674,121.6632659,59.41020428,15.86326527,19.84897974,128.5102045,291.9428577,362.1285712,457.2326523,4.477729591,4.545836726,4.584387745,4.82761223,4.676714289,4.473571422,4.285102037,4.735530639,4.351122472,3.820204073,4.12171429,4.52602041,4.784938764,16.99965979,13.94795912,13.69897957,14.26428579,14.39693881,15.83163254,18.66836739,21.09081572,21.63163259,20.47244882,18.55204082,16.52551024,14.91530613,15.14523808,12.37653069,11.96428569,12.35408162,12.52346934,13.94183675,16.64183669,18.88673471,19.48877541,18.55816312,16.81938783,14.84387758,13.3438776,16.0244898,13.14591838,12.79897962,13.26224481,13.41938778,14.84387758,17.58877548,19.8928571,20.45408159,19.43367339,17.6479592,15.65408171,14.15204089
Calheta,4,182,2544,0,78.43076584,743,0.440631598,0.086705202,0.294797688,0.572254335,0.023121387,0,0.023121387,112.3838886,258.7866669,247.55,171.3166651,107.9933324,-9.406666541,-93.93000005,-164.8166667,-147.0466672,10.43999988,210.1133321,321.8666672,435.7400004,0.631353055,0.63945333,0.631249998,0.613813333,0.632286662,0.637396669,0.627879997,0.593086676,0.609086665,0.63750333,0.655423331,0.640883332,0.658173333,234.864166,332.2166667,335.4233297,285.4833338,240.7799993,135.7833333,64.96999995,16.72999999,21.76000004,144.4966654,325.7733337,403.0733337,511.8799967,3.507794446,3.564200004,3.591533351,3.7785333,3.685633318,3.526566688,3.373066672,3.68593332,3.383700037,2.979966688,3.219566671,3.539700023,3.765133286,16.76194446,13.44666672,13.28000002,13.96333338,14.09333331,15.65333328,18.67999999,21.30999997,21.75333354,20.32666683,18.19333324,16.04666656,14.39666672,14.57138888,11.67999996,11.30000003,11.73333337,11.89333331,13.38333337,16.19999987,18.56333332,19.08333352,18.02666664,16.19666656,14.1666666,12.63000005,15.59638886,12.5566666,12.25666672,12.77333339,12.94999997,14.43999993,17.34999994,19.7733331,20.25666676,19.05,17.13666665,15.07999999,13.53333327
Funchal,7,183,2545,190.65,5175.789388,99.83333333,0.210666671,0,0,0,1,0,0,28.95833309,138.3500023,128.5499992,58.09999943,10.125,-64.72500134,-113.7750015,-155.875,-139.4250031,-31.94999981,100.7250004,173.7000008,243.7000008,0.601899999,0.599975005,0.607524991,0.608225018,0.590800002,0.595174998,0.600599989,0.599299997,0.597975001,0.598525003,0.604699999,0.60572499,0.614274994,143.7874995,202.4000015,206.5249977,166.5750008,140.8499985,82.80000114,41.19999981,11.85000014,18.25,95.64999962,206.6249962,246.2000046,306.5249939,1.529416673,1.658499986,1.625750005,1.682999998,1.579750001,1.464249969,1.344750017,1.52974999,1.422250032,1.28125,1.440000027,1.598500013,1.725250036,19.77708332,16.6500001,16.5,17.125,17.6500001,19.07499981,21.14999962,22.75,23.87500048,23.5999999,21.625,19.5250001,17.79999971,16.68333336,14.32500005,13.82500005,14.10000014,14.5250001,15.72499967,17.4000001,18.64999962,19.9000001,20.20000029,18.92500019,17.0999999,15.5250001,18.12083338,15.5,15.19999981,15.5,15.99999976,17.25,19.0999999,20.40000057,21.57499981,21.70000029,20.20000029,18.32499981,16.70000029
Funchal,10,183,2546,190.65,3243.331299,47,0.223555564,0,0,0,0.761904762,0,0.238095238,22.89999979,130.2333323,121,51.43333308,3.966666738,-69.33333333,-116.8666687,-157.9333344,-141.5,-36.26666641,93.09999847,164.5333354,232.4333344,0.597530552,0.59496667,0.603533328,0.604933341,0.586699982,0.590766668,0.595899999,0.595200002,0.593733331,0.594399989,0.599933326,0.601566652,0.608733336,139.1972224,196.0333354,200.0333354,161.0333354,135.9666646,79.86666616,39.66666667,11.39999994,17.63333321,92.5,200.2333323,238.7333374,297.2666626,1.792111129,1.943666657,1.905000011,1.972333352,1.849666675,1.714333336,1.575000008,1.794666688,1.667666713,1.501333316,1.687333345,1.873000026,2.021333416,19.92777787,16.85000038,16.71666654,17.28333346,17.81666692,19.25,21.21666654,22.75,23.9166673,23.75,21.81666692,19.75,18.01666641,16.89722217,14.58333333,14.08333333,14.3166666,14.78333346,15.94999949,17.54999987,18.71666654,20.01666641,20.41666667,19.18333371,17.38333321,15.78333346,18.30277787,15.71666686,15.41666667,15.71666686,16.21666654,17.41666667,19.21666654,20.45000076,21.68333308,21.88333384,20.41666667,18.58333333,16.91666667
Funchal,9,183,2547,486.1,4058.247437,151,0.192000005,0,0.083333333,0,0.916666667,0,0,31.92083303,141.6999969,133,61.65000153,14.25,-60.79999924,-110.5999985,-154.8000031,-140,-31.94999981,103.3499985,177.75,249.5,0.612674999,0.61135,0.618049979,0.617000014,0.600349993,0.605549991,0.612349987,0.611249983,0.609750003,0.609200001,0.615800023,0.615550011,0.6259,149.6041651,211,215.5,173.5999985,146.4499969,86.14999771,43.04999924,12.55000019,19.40000057,99.34999847,214.5999985,255.9499969,317.6499939,1.580208331,1.700500011,1.669999957,1.729999959,1.629999995,1.515500009,1.404999971,1.603000045,1.486999989,1.330500007,1.483500004,1.641500056,1.765999973,19.45833325,16.25,16.14999962,16.80000019,17.25,18.75,20.94999981,22.69999981,23.69999981,23.25,21.25,19.09999943,17.35000038,16.36666675,13.9000001,13.45000029,13.75,14.1500001,15.4000001,17.20000076,18.55000019,19.75,19.89999962,18.55000019,16.69999981,15.0999999,17.80416663,15.1500001,14.75,15.20000029,15.64999962,16.89999962,18.84999943,20.30000019,21.39999962,21.39999962,19.85000038,17.90000057,16.30000019
Funchal,5,183,2548,190.65,1943.033488,465.0769231,0.303333346,0,0.08045977,0.459770115,0.459770115,0,0,41.84166623,155.738462,148.7538476,75.40769254,26.54615366,-51.99230752,-106.6615372,-157.3307718,-141.1615389,-25.86153859,116.5384604,193.2538452,268.8692275,0.639511538,0.644715387,0.64103077,0.630423078,0.627807691,0.634484612,0.640923074,0.628161531,0.633969234,0.640669227,0.649538462,0.640676925,0.661738464,161.377564,228.4076925,233.6153858,188.0153832,157.4307674,92.61538403,46.70000018,14.05384621,21.70000018,107.1769233,230.7230765,275.6000014,340.4923072,2.498871799,2.66615388,2.624769211,2.719769239,2.573153872,2.400076894,2.248384604,2.575230764,2.382769236,2.115153845,2.337153829,2.579230813,2.764615398,18.1974359,14.67307692,14.61923071,15.37307703,15.74230766,17.38846177,20.14999991,22.45769237,23.13461524,21.99615376,19.69615379,17.43461543,15.7038462,15.13525644,12.34230768,11.95769229,12.36538462,12.67307692,14.08076925,16.48846157,18.41153864,19.19615393,18.6576921,17.00384624,15.01923092,13.42692316,16.56025639,13.54230771,13.2653846,13.78076935,14.13461531,15.58076903,18.13461538,20.14230772,20.87307695,20.11923056,18.28076935,16.2346154,14.63461531
Funchal,8,183,2549,190.65,4329.372681,227.3333333,0.268000014,0.034482759,0.137931034,0,0.75862069,0.068965517,0,37.3027771,148.9333344,140.6999969,68.70000076,20.73333327,-56.5333341,-108.6666667,-154.9666697,-140,-28.46666654,110.5,186.299998,260.399999,0.62028611,0.619966666,0.624966661,0.62226669,0.607800007,0.613499999,0.620833317,0.61833334,0.617233336,0.616666675,0.624433319,0.622333328,0.635099987,155.5138902,219.1666667,223.8666636,180.8666687,152.799998,89.96666718,45,13.16666698,20.20000013,103.4666646,222.7333323,265.4000092,329.5333455,1.737999989,1.870666663,1.83766667,1.903333306,1.794666648,1.669333339,1.545333346,1.757999976,1.632333318,1.46266667,1.631999969,1.805999994,1.943999966,19.18888874,15.88333321,15.75000032,16.44999949,16.94999949,18.44999949,20.81666692,22.71666654,23.61666679,23.04999987,20.91666603,18.71666718,16.94999949,16.01388884,13.45000013,13.01666641,13.35000006,13.75,15.01666641,16.98333295,18.48333359,19.54999987,19.54999987,18.11666679,16.25,14.64999994,17.47777767,14.71666686,14.41666667,14.78333346,15.25,16.58333333,18.68333308,20.25,21.28333346,21.04999987,19.41666603,17.44999949,15.84999975
Funchal,4,183,2550,89.75,332.3836212,1011.333333,0.37016218,0,0.131672598,0.814946619,0.049822064,0.003558719,0,63.07029894,190.1589739,185.0538455,108.6923079,56.24358979,-35.1641027,-106.0743588,-174.5205149,-151.2871794,-12.32564108,148.05641,231.8948724,316.1153846,0.611467735,0.628551284,0.61649231,0.592869234,0.614069234,0.614684617,0.595238461,0.551651283,0.576325639,0.621307691,0.642735897,0.632025636,0.651661535,187.6536324,266.1230766,272.3435908,222.2564091,185.3897423,108.8333333,55.83846166,17.72307704,26.46410248,124.4974367,264.8051277,316.4974357,391.0717953,3.892036324,4.114589725,4.063999974,4.213641002,4.021358985,3.767974358,3.553666668,4.034000005,3.737897451,3.310743573,3.629128193,3.992025669,4.265410283,16.0476496,11.82948721,11.90384623,12.94743594,13.13974356,15.11410256,18.96025648,22.30641023,22.32948719,19.88846153,17.00384622,14.45769229,12.69102573,12.69893164,9.301282064,8.998717919,9.652564122,9.798717939,11.50641028,14.95256407,17.87820513,18.01153858,16.19871788,14.07564114,11.81410256,10.19871797,14.24572647,10.5961539,10.44487172,11.17820512,11.3679487,13.1423077,16.72948708,19.76794864,19.82692308,17.79871782,15.44743597,13.12435898,11.5243589
Funchal,6,183,2551,89.75,1277.238059,486.6875,0.445333354,0,0.362068966,0.267241379,0.224137931,0.060344828,0.086206897,32.52812492,142.6875,137.0187507,64.68125033,17.08749995,-58.34375024,-110.3874989,-159.8812504,-144.3687506,-32.88125032,104.4937487,178.7875013,251.4437485,0.6390125,0.643062502,0.640262507,0.630062498,0.62583125,0.633143753,0.641893748,0.631543752,0.635993753,0.640212495,0.647774994,0.638837505,0.659531247,154.9348963,219.6374998,224.6750002,179.8812504,150.0374994,88.13750076,44.46875,13.32499993,20.8375001,102.8500004,222.1374989,265.5937529,327.6375027,3.062421884,3.267000034,3.215312511,3.332625031,3.147312507,2.934874989,2.752499975,3.168687515,2.927437507,2.593000002,2.863812506,3.160062514,3.38643752,18.22343754,14.77500004,14.69375002,15.40000004,15.79374999,17.39375007,20.11874998,22.37500012,23.0625,21.98125017,19.75,17.53125018,15.80624986,15.31927083,12.55624998,12.16249996,12.55000001,12.88125002,14.26875001,16.64374983,18.54374993,19.35625005,18.81250012,17.20000005,15.21249992,13.64375007,16.67083327,13.6937499,13.41875005,13.89999998,14.24999994,15.69999999,18.19999981,20.20000005,20.94375002,20.20624995,18.39374983,16.36874992,14.7749998
Funchal,1,183,2552,89.75,3588.107409,146.1538462,0.392400022,0.015873016,0.119047619,0.023809524,0.73015873,0.007936508,0.103174603,27.44523794,135.7071413,127.207143,57.74285671,10.70714289,-65.23571505,-115.2499995,-159.3214286,-143.357145,-33.59285722,99.35714286,171.9642857,243.4142881,0.603236903,0.60245714,0.608314284,0.608121429,0.592628573,0.596985706,0.60245,0.599578568,0.598500001,0.599457132,0.606499996,0.606957146,0.616892857,146.3035717,205.25,209.278571,169.9285692,144.164287,84.60000011,42.19999995,12.05714294,18.21428571,97.85000065,210.1214284,249.7571444,312.2214312,2.071404765,2.270785732,2.22035718,2.296142876,2.147785723,1.983285734,1.795071415,2.022428555,1.888928575,1.722500009,1.959428557,2.182857122,2.367285703,19.60535723,16.37857144,16.2928571,16.91428593,17.42142854,18.88571439,21.07857146,22.83571461,23.89285728,23.45000008,21.38571439,19.24285712,17.48571437,16.4255952,13.97142853,13.52142859,13.80714287,14.23571416,15.46428571,17.2214286,18.57857132,19.76428563,19.97142873,18.61428561,16.77857133,15.17857136,17.89404765,15.21428571,14.87857144,15.26428563,15.72142846,17.0285714,18.93571431,20.38571467,21.5,21.48571423,19.90714305,18.01428563,16.39285728
Funchal,3,183,2553,89.75,1041.91653,888.8823529,0.274500016,0.007352941,0.095588235,0.647058824,0.235294118,0.014705882,0,60.77401968,186,180.3647066,105.011765,54.36470682,-36.52352939,-106.3352935,-173.117648,-151.4352965,-14.2705882,144.5588235,227.9941191,312.6764706,0.606591666,0.620594123,0.612023529,0.592635295,0.607688241,0.608658822,0.592117648,0.554682353,0.574729409,0.613705881,0.634194118,0.625288231,0.642782345,185.7348039,262.6000007,268.4294137,219.7882349,184.7647068,108.417647,55.27058837,17.2176471,25.47058835,123.3235303,262.1882342,313.0235273,388.3235276,3.669416677,3.893058812,3.842588256,3.984999993,3.800000022,3.557411811,3.334529414,3.765705873,3.49711766,3.112882362,3.428235285,3.775058866,4.041411771,16.51225487,12.36764711,12.43823534,13.4558823,13.70294111,15.62058802,19.26764701,22.4441176,22.5970588,20.39117645,17.56764704,15.03823533,13.25588238,13.05098041,9.761764779,9.432352964,10.05588243,10.25588235,11.90294126,15.13235289,17.82647066,18.1205883,16.56176455,14.53823533,12.32647066,10.69705876,14.65196072,11.10882344,10.93823528,11.632353,11.86176474,13.59117637,16.96176467,19.80882342,19.99705864,18.22647039,15.95000009,13.67352929,12.07352936
Funchal,2,183,2554,89.75,1225.299226,797.326087,0.392631598,0.036809816,0.110429448,0.665644172,0.180981595,0.006134969,0,61.4699274,185.2826084,179.2347827,104.6978262,54.05000048,-36.88695684,-105.1499999,-168.8586957,-147.8847825,-12.2456522,145.3956518,227.7260865,312.2782599,0.617452718,0.62852174,0.621452175,0.605228267,0.616219569,0.618830435,0.608221742,0.576741302,0.592076084,0.622017391,0.64009565,0.630636956,0.649391301,183.9969208,259.1652195,264.8565229,217.5043481,183.8565223,107.9869567,54.89782599,16.81739129,24.65217395,122.6195657,260.2326083,310.0260866,385.3478281,3.519422107,3.757152166,3.703304363,3.840434787,3.653782616,3.414043494,3.17078261,3.560347837,3.315782612,2.972934793,3.297956519,3.639043484,3.9075,17.05036231,13.01739133,13.08695652,14.05652169,14.3347826,16.19565207,19.62391298,22.57391304,22.86956526,20.94347829,18.21304354,15.73695649,13.95217392,13.52481884,10.36521743,10.02173919,10.59565217,10.82608698,12.41086956,15.38043484,17.84782609,18.30869559,17.05434785,15.13913041,12.98695649,11.36086954,15.15271737,11.74565214,11.54782608,12.20652174,12.46304344,14.13260864,17.25434778,19.86521737,20.21521734,18.74130438,16.56521743,14.35217378,12.7434783
Machico,4,184,2555,29.35,452.1233028,378.4545455,0.498769257,0.104651163,0.23255814,0.372093023,0.244186047,0,0.046511628,22.59935894,125.7846169,123.8153839,56.90000065,2.592307554,-65.63846089,-107.3307689,-150.1153858,-132.7615392,-31.36923064,89.27692208,152.8461538,207.1923077,0.661134616,0.653300001,0.660061538,0.649592308,0.650776927,0.660361528,0.675338461,0.673523073,0.671684618,0.664838452,0.665046165,0.652646161,0.656446159,137.9275638,196.8461538,204.1615366,163.9846168,128.7692319,76.0692303,42.68461521,15.54615366,23.50769219,95.37692319,197.869231,232.6153834,277.6999969,4.128846156,4.261769221,4.2300769,4.376692295,4.214307693,3.973692344,3.899153856,4.536384619,4.154461604,3.573615368,3.799538411,4.15015382,4.376307744,18.44487179,15.35769228,15.16538473,15.73461547,16.11923064,17.59615355,19.98076923,21.87307739,22.71923065,22.08846136,20.16538473,18.09615385,16.44230762,16.01282054,13.4346155,12.98846149,13.31923081,13.67307707,14.95000003,17.11153852,18.83461556,19.75,19.45769222,17.98846142,16.10384626,14.54230756,17.15320507,14.40384615,14.07307684,14.46538463,14.82692308,16.15769225,18.41923083,20.17307663,21.04230763,20.63461524,19.01153843,17.08846151,15.54230763
Machico,5,184,2556,9.95,179.7012834,183.6111111,0.341538483,0.055084746,0.093220339,0.18220339,0.101694915,0.105932203,0.461864407,-28.68191041,55.98780488,58.48780479,2.55121971,-45.89756112,-100.7414631,-130.6536588,-165.6512198,-152.5219503,-71.38048749,20.34634127,72.91219535,112.3780497,0.623475,0.609836587,0.62454634,0.625219511,0.613721955,0.621487801,0.633731705,0.63820244,0.635429265,0.628034148,0.622900002,0.616890241,0.611700001,103.2471545,147.9292688,153.902439,124.1512187,93.8609755,55.37073163,32.80731708,13.05609752,19.21707323,72.71951247,148.043901,172.8878051,205.0195134,5.054465456,5.165999994,5.144097578,5.305097568,5.15336585,4.869146359,4.860439027,5.648902469,5.16017073,4.400609772,4.620341481,5.042073186,5.28334146,19.21260162,16.55487842,16.28170707,16.66951238,17.0792686,18.37682915,20.22317082,21.60365835,22.73780488,22.74756111,21.22073136,19.33536576,17.72073155,17.12154477,14.82560977,14.35731711,14.56951218,14.95000002,16.09146358,17.8134146,19.11341462,20.30121961,20.55731732,19.31585372,17.55243902,16.01097565,18.10853658,15.67926805,15.30121945,15.56951218,15.96463424,17.15243912,18.92804844,20.24024387,21.38902446,21.54512215,20.20609739,18.42560996,16.90121962
Machico,3,184,2557,9.95,470.2780301,343.6666667,0.541655198,0.143382353,0.088235294,0.522058824,0.150735294,0.014705882,0.080882353,20.3938034,122.3153845,120.5307695,56.38205127,0.120512748,-67.38717896,-107.7410257,-148.8179501,-130.4128201,-30.48974355,86.16666647,146.8974361,197.1615385,0.662080129,0.651641027,0.660710258,0.651715384,0.653700002,0.663082054,0.677574358,0.677097441,0.673710255,0.66514102,0.665346156,0.652497437,0.652746156,133.0927347,189.5000004,197.1435903,159.76923,124.2974359,73.92564099,42.57435862,16.28461522,24.03333331,93.27179464,190.482051,222.1692305,263.6615354,3.929863242,4.036871812,4.01343589,4.144358965,4.017051281,3.794000014,3.749974367,4.337923062,3.975230743,3.412846137,3.605846142,3.934487159,4.136333331,18.50256414,15.42179489,15.24230771,15.8115384,16.18589748,17.66538463,20.00128208,21.85769272,22.73717944,22.15256417,20.24743594,18.18589748,16.52179476,16.03418803,13.47564101,13.03717946,13.34743585,13.69871797,14.97307689,17.10128197,18.77564112,19.7192308,19.48846157,18.03717951,16.15000003,14.60641022,17.1901709,14.46282052,14.12692312,14.50384614,14.87820513,16.22179484,18.424359,20.12948672,21.03461544,20.67307692,19.08333328,17.15512821,15.58846148
Machico,1,184,2558,29.35,88.47628569,676.0588235,0.59052177,0.017948718,0.094871795,0.792307692,0.007692308,0.002564103,0.084615385,55.66607135,174.9660715,170.4178584,100.6160712,38.58214299,-44.5232141,-100.6928575,-152.9339294,-127.2607145,-4.36785714,136.2553571,207.0749982,269.8589295,0.647970833,0.650374999,0.649855358,0.632178574,0.647475002,0.65244643,0.649271424,0.626298212,0.637233931,0.654321425,0.664962501,0.652166073,0.659066068,161.9946429,229.5714286,237.6517871,194.9392847,156.5232147,93.36428615,51.835714,19.00714285,27.55535722,111.4750001,229.5607139,269.2785707,323.173215,3.375078871,3.49364286,3.46982143,3.589410714,3.472482136,3.276214297,3.185553572,3.636732146,3.351660718,2.912767853,3.113589285,3.403928563,3.595142873,17.48913687,13.87142861,13.82857139,14.61785712,14.91964279,16.62857151,19.61607136,22.1196426,22.64821424,21.2696429,18.89107137,16.58749998,14.87142857,14.48437499,11.56071429,11.17142854,11.64107137,11.90892865,13.37321423,16.05357136,18.2446428,18.86250002,17.98392863,16.23928571,14.17857139,12.59464284,15.87931543,12.74821426,12.49285712,13.03392853,13.32142855,14.86607133,17.65535709,19.91428546,20.46607137,19.41785715,17.47500009,15.37142859,13.78928563
Machico,2,184,2559,29.35,113.6720113,638.4,0.685000032,0.051470588,0.213235294,0.735294118,0,0,0,58.50125001,176.3150017,171.7600006,101.0799992,39.45500011,-41.57999992,-95.03999977,-145.5350006,-120.9200008,-0.864999959,139.0099998,208.1949997,270.1400002,0.689036668,0.689185005,0.684360006,0.662270004,0.685035005,0.694579998,0.703995001,0.684870002,0.691189995,0.695209998,0.702639997,0.680740005,0.694365001,160.8058334,228.0550003,236.6250015,192.6050003,153.7650009,91.68000031,51.19499969,18.74999981,27.5999999,111.2699997,229.1700005,268.3899986,320.5649994,3.412754158,3.518449974,3.496650016,3.616999996,3.502049971,3.306750011,3.236449993,3.717549968,3.41704998,2.953850007,3.140950024,3.429449964,3.616849995,17.36541662,13.77500005,13.69500008,14.475,14.77499995,16.48499994,19.51499987,22.03999968,22.53499985,21.11500006,18.75500002,16.46000004,14.75999994,14.52791669,11.59499998,11.17999997,11.65500007,11.92499995,13.4,16.14499998,18.42000008,18.9750001,18.02000017,16.24500003,14.16000004,12.61499996,15.84583327,12.70999994,12.43499994,12.975,13.25999999,14.81499982,17.65499992,19.98000002,20.48999987,19.375,17.41499982,15.30999994,13.72999997
Porta do Sol,2,185,2560,9.95,182.7505066,972.0789474,0.362322596,0.114942529,0.206896552,0.555555556,0.088122605,0,0.034482759,101.5672913,243.9449982,235.3724987,159.6549999,99.37749996,-14.73750003,-97.94250011,-170.7275002,-150.2875,8.272499985,197.3674994,300.4025005,408.1099991,0.596903959,0.610107501,0.602172503,0.584560002,0.600072499,0.599537502,0.581824999,0.543195002,0.562917502,0.604324999,0.625382501,0.617350002,0.6314025,226.1735414,317.9874981,323.3275002,274.2299995,231.9724987,132.2900005,65.79499998,18.62499988,24.96250005,145.1074997,314.6275002,381.7025024,483.454998,3.049772913,3.169474983,3.165499988,3.310275003,3.207575023,3.042224997,2.860024989,3.114200002,2.881675014,2.573424992,2.823674992,3.113924986,3.33529999,16.29104169,12.34750006,12.36249998,13.30249991,13.46999998,15.29749992,18.8625001,21.97000012,22.16750002,20.0775001,17.40250013,14.98999989,13.24250002,13.185,9.972499979,9.635000026,10.22000002,10.39499998,12.01000001,15.19249995,17.86250005,18.18249998,16.68999999,14.66499999,12.50249999,10.8925,14.62166668,11.18000003,10.98250004,11.66000001,11.8325,13.51250002,16.83750007,19.62000003,19.87499995,18.15499997,15.94999998,13.72249997,12.13250003
Porta do Sol,1,185,2561,29.35,357.5341215,403,0.51000002,0.022222222,0.355555556,0.377777778,0.066666667,0,0.177777778,71.81041703,197.7250004,190.0375023,118.4250021,64.31250048,-35.29999995,-103.875,-162.4125004,-149.6875,-13.77500013,156.4500008,251.1125011,348.7124977,0.623059373,0.617799997,0.621912502,0.620149992,0.615037508,0.622275002,0.628999993,0.619512498,0.620849997,0.623299994,0.630349994,0.622549996,0.633974999,199.8333328,279.7999935,284.125,239.8124981,204.0874977,116.7374992,56.40000057,14.58750021,19.88750029,127.9749985,281.0250015,341.1000023,432.4625015,2.605989589,2.736875027,2.726875037,2.843625039,2.747624993,2.596500039,2.424124986,2.617500037,2.420249969,2.178125009,2.415124953,2.68037498,2.884875,18.6197917,15.46249998,15.31250012,15.96249986,16.26249993,17.68750048,20.10000014,22.16250014,23.04999995,22.36249995,20.32500005,18.23749995,16.51249981,15.82187503,13.32500005,12.85000002,13.16250002,13.48750007,14.7249999,16.79999995,18.4625001,19.47500038,19.32499981,17.85000014,15.99999988,14.39999998,17.12291668,14.4124999,14.07499993,14.47500002,14.77499998,16.11250031,18.2874999,20.07500005,21,20.67500043,19.01249981,17.08749986,15.48749995
Porta do Sol,3,185,2562,9.95,157.7376628,907.9811321,0.406363658,0.08478803,0.236907731,0.591022444,0.064837905,0,0.02244389,96.85125779,236.439623,229.2188669,153.7056601,95.12641554,-16.39433956,-98.32641544,-171.5792449,-150.4698112,7.162264191,191.6037732,290.7641507,394.9641511,0.600231448,0.614356607,0.60566981,0.587467926,0.603428302,0.602473585,0.584884911,0.545560379,0.565911321,0.607933963,0.628667926,0.620616985,0.635805661,221.7160375,310.9377346,317.1547189,268.2886787,227.1132067,130.2943405,65.64339591,19.1566038,25.80754708,144.249056,309.0245281,372.6075468,470.3150934,3.452078615,3.611226415,3.596924512,3.756113205,3.628320761,3.431264153,3.207962254,3.498415097,3.24611321,2.909849054,3.206622639,3.537452842,3.794679232,16.34685534,12.28962263,12.3481132,13.33490562,13.51792447,15.3877358,19.01037724,22.16886797,22.35000013,20.19150943,17.42735852,14.95754719,13.17830187,13.01226416,9.763207535,9.4349057,10.04056611,10.21415095,11.85377353,15.03867928,17.73301884,18.03301887,16.53301885,14.49905664,12.31226423,10.69150942,14.55188679,11.06132078,10.87075472,11.58018872,11.759434,13.45377362,16.81415097,19.61792446,19.85943395,18.11226411,15.86698111,13.6198112,12.00660382
Porto Moniz,1,186,2563,0,15.09852868,598.4666667,0.665714306,0,0.040322581,0.798387097,0,0,0.161290323,90.41470593,222.2941176,215.1529415,148.3117649,84.46470474,-22.7058824,-95,-157.4588219,-137.2882358,4.15882353,180.3823529,275.0823517,367.5823544,0.656995588,0.651005875,0.651158831,0.637982354,0.655247064,0.665929412,0.670364702,0.647317648,0.654647063,0.664270587,0.669847057,0.652141178,0.664035285,204.0338233,286.8000004,292.0588253,251.3823529,209.282354,118.4764714,60.31176489,17.58235303,21.36470593,126.2294101,282.7588223,347.2294078,434.929411,5.090700978,5.187176452,5.224470587,5.49647062,5.299176469,5.060235276,4.836823477,5.375470582,4.952823527,4.352529414,4.70305886,5.160764666,5.439411808,17.33137249,14.3911765,14.12647062,14.64411775,14.77941171,16.17941166,18.85588253,21.12647012,21.75588249,20.77941165,18.97352925,16.97941141,15.38529424,15.48823533,12.8088237,12.37941181,12.73823536,12.93235302,14.2911764,16.8500001,18.97352948,19.64999996,18.89117622,17.24411774,15.30294127,13.79705889,16.3651961,13.57941162,13.23235299,13.65000007,13.80882342,15.19705879,17.80294127,19.95000009,20.59117665,19.7735295,18.06764704,16.1205883,14.6088235
Porto Moniz,2,186,2564,9.95,66.92711909,575.4473684,0.755285744,0.035947712,0.088235294,0.754901961,0.016339869,0.006535948,0.098039216,103.4711542,240.4794883,233.3205136,165.0076926,96.7256411,-14.17179479,-88.23076923,-152.6948708,-131.9205127,14.70769232,196.7589743,293.2846163,388.3871789,0.664383974,0.661520515,0.660382054,0.644320511,0.662174358,0.67240769,0.675628202,0.652146153,0.659517953,0.670458968,0.678223077,0.661235903,0.674592305,214.2675216,300.6846165,307.5948741,265.3051265,219.6923069,125.0615393,65.29743625,20.21282054,24.4179487,134.5128201,296.4820506,361.0820516,450.8666679,4.317153843,4.413282058,4.438794851,4.663410254,4.494794864,4.287153825,4.089461553,4.539820518,4.1909487,3.690743575,3.994179499,4.382999995,4.620256418,17.22435896,14.15256407,13.92179487,14.49615376,14.64743595,16.09615382,18.87307695,21.25769229,21.83974359,20.74230757,18.79358976,16.74743586,15.12435906,15.16923076,12.4294872,12.00128206,12.3987179,12.57564109,13.98589738,16.60897419,18.77564103,19.42179489,18.5961539,16.89358978,14.92435893,13.41923075,16.13974362,13.27564103,12.94230779,13.3935897,13.57051284,14.98589743,17.66538468,19.88846168,20.50128208,19.56282053,17.79358969,15.80641028,14.29102565
Porto Moniz,3,186,2565,0,8.398418635,786.5714286,0.752000029,0.003289474,0.042763158,0.921052632,0,0,0.032894737,117.4216664,262.4622226,254.7333323,182.8977773,112.7155552,-4.786666571,-85.54444495,-156.3777771,-133.0711126,24.71333327,215.7111111,316.5733334,419.0333327,0.650444074,0.65915555,0.651606666,0.629591113,0.65193556,0.656951107,0.648231112,0.613355555,0.629840002,0.657755552,0.673097777,0.658953332,0.674855559,229.1035183,322.2555559,329.4933336,283.4355554,235.2200005,134.0555552,69.86888885,21.85555556,27.02666668,145.3688885,316.1888862,383.7200005,480.7533332,4.126161102,4.226777771,4.24542222,4.455133343,4.310400009,4.109399986,3.911688868,4.315644418,3.987288872,3.520644437,3.814822218,4.187022204,4.429688883,16.72962962,13.27666664,13.1544444,13.89444442,14.0455556,15.65666663,18.78333333,21.49222238,21.89888891,20.36111098,18.10333328,15.89000003,14.19888886,14.22185185,11.2677778,10.87222222,11.36111113,11.53444445,13.0388888,15.92777765,18.3366667,18.81666671,17.68333331,15.83222222,13.76555559,12.22555555,15.3925926,12.27222218,11.99444451,12.54111108,12.72333332,14.26111111,17.23444455,19.71222225,20.15666669,18.86555553,16.89222226,14.80111112,13.25666663
Porto Moniz,4,186,2566,29.35,30.62446508,911.84375,0.611280027,0.023166023,0.005791506,0.886100386,0,0,0.084942085,118.700966,263.0594221,255.8884043,185.2304346,113.5579706,-3.321739109,-84.18260889,-154.5913042,-126.7057976,32.70579723,218.544927,313.8391301,410.3869563,0.630359783,0.643092752,0.634821736,0.61071304,0.634875367,0.636594204,0.620781158,0.580931884,0.601262319,0.638808697,0.657462321,0.645930434,0.659043483,223.4741546,313.688406,321.6246384,277.0652176,229.4797096,131.6536233,70.12173904,23.04347815,28.71594183,144.41884,308.5623187,370.9159418,462.4000005,3.783026576,3.891159431,3.900797111,4.087115944,3.95330436,3.763318843,3.571463778,3.935942018,3.645724642,3.227521737,3.504217407,3.844884067,4.07086957,16.42065217,12.67318839,12.63260863,13.49347825,13.64275366,15.3963768,18.79202898,21.72971023,22.00652186,20.15434779,17.64565211,15.30507247,13.57608683,13.52391302,10.40072464,10.03985503,10.59347823,10.76304348,12.35289851,15.42826086,17.99782612,18.37463758,17.01376813,15.05869557,12.91521743,11.34855069,14.87137679,11.55144926,11.32101449,11.94565215,12.1181159,13.75289851,16.93985506,19.62391298,19.92826089,18.39202899,16.26884062,14.08913035,12.52536224
Ribeira Brava,3,188,2569,9.95,375.5699676,651.8518519,0.608545481,0.116402116,0.148148148,0.566137566,0.121693122,0,0.047619048,64.91408053,186.9068951,180.1517247,107.2931037,57.06206851,-36.48620701,-103.3344821,-163.3310342,-145.4551728,-9.710344725,149.1379318,233.5896549,323.1448285,0.628625862,0.635755173,0.628558623,0.618196553,0.623844827,0.627917247,0.62711379,0.602427585,0.613731033,0.632558615,0.644110343,0.633586209,0.655710344,187.3502875,261.3068974,266.8310352,221.7241379,189.5620685,110.7172415,55.47586178,15.89999998,22.5103448,125.1724135,265.1551724,316.3655196,397.4827576,3.139295978,3.419793113,3.358275866,3.479758616,3.291068965,3.056517247,2.759000005,3.020793101,2.834482781,2.605620688,2.964172363,3.300655184,3.581413803,17.8123563,13.99482757,14.01896556,14.91206896,15.24310332,16.98793096,20.07068963,22.69482757,23.22586211,21.71551724,19.14655172,16.77413792,14.96379303,14.28735632,11.34655181,10.97413791,11.44655178,11.73275859,13.21896543,15.81551713,17.93620688,18.63620705,17.8362069,16.08793091,14.02241378,12.39482771,15.91034479,12.71551721,12.47068971,13.05344818,13.37413788,14.93275859,17.69482761,19.96034491,20.54999983,19.515517,17.51551733,15.38793103,13.75344822
Ribeira Brava,2,188,2570,9.95,280.3098823,618.3,0.543250024,0.024561404,0.284210526,0.568421053,0.094736842,0,0.028070175,78.32886154,205.9219502,199.5414637,125.4146345,72.10243881,-27.65365851,-99.37073219,-163.1951212,-144.1390247,-0.802439074,167.1146337,255.4073155,349.6048778,0.637358739,0.645070733,0.636899995,0.624368293,0.633126829,0.637365851,0.636173176,0.609709759,0.622331708,0.642348779,0.654124389,0.642180486,0.664604876,200.0502033,278.9926847,285.2463409,238.4609758,203.4926825,118.5780491,59.63902432,17.27317077,24.04146325,133.0829271,282.0487812,336.8585361,422.887804,3.692148372,3.963829262,3.912000005,4.063682923,3.875000006,3.623170719,3.31412195,3.62104877,3.384926842,3.082853666,3.46580485,3.845,4.154341471,17.6270325,13.77439024,13.81097554,14.70853659,15.03780479,16.78902421,19.91829267,22.61341453,23.12073173,21.54268293,18.93292697,16.54512196,14.73048785,14.08313011,11.11097565,10.73780487,11.23048782,11.50853662,12.99878046,15.66219518,17.84756098,18.50365867,17.62804876,15.84268293,13.77682925,12.15000008,15.71199185,12.48414635,12.25487807,12.8402439,13.14999997,14.71585362,17.54024382,19.87195127,20.42804876,19.32317069,17.27926826,15.14512197,13.51097558
Ribeira Brava,4,188,2571,9.95,31.144705,950.8478261,0.505473709,0,0.177842566,0.822157434,0,0,0,103.9931159,242.3586943,236.689131,160.7869561,100.6369566,-8.449999989,-88.95217431,-162.1826082,-136.445653,21.43478263,201.0369555,292.4108714,388.5934787,0.639955978,0.656378261,0.642082607,0.615745653,0.644541302,0.645993479,0.629273915,0.582782606,0.608471741,0.65138913,0.67101522,0.655250001,0.676547825,218.6565221,306.0652207,314.0413042,264.267391,222.8869566,130.1869573,67.78478224,21.5934782,29.51739125,146.0326094,305.5347827,363.7891302,452.1782611,4.280682975,4.513130432,4.475086969,4.664108686,4.484195629,4.223652179,3.920717382,4.314065215,4.029826112,3.623152178,4.002086958,4.399760894,4.71841307,16.38496376,12.1173913,12.24565222,13.31086955,13.53913038,15.50217388,19.2456522,22.5,22.63695651,20.33695648,17.37826096,14.82608692,12.98043477,12.58894927,9.263043497,8.928260824,9.580434706,9.769565282,11.44782612,14.68695649,17.42608696,17.71304338,16.1282609,14.08043476,11.84347827,10.20000002,14.33550726,10.73043478,10.57826083,11.31521743,11.51956527,13.28043482,16.7021739,19.57391312,19.76739137,17.94999998,15.60217389,13.31956523,11.68695655
Ribeira Brava,1,188,2572,0,87.40643758,814.0689655,0.564571455,0.060773481,0.337016575,0.524861878,0.049723757,0,0.027624309,90.20976967,224.2586202,218.2275875,143.003448,87.44482724,-18.95172412,-96.96206928,-167.6517245,-148.141379,4.331034497,182.5,277.0413771,377.4172384,0.619400287,0.632075863,0.622179307,0.605027583,0.619603447,0.620765522,0.609555176,0.573796553,0.592375864,0.626831038,0.643927582,0.633586207,0.653079308,215.1287355,300.6275861,307.3793124,258.6931026,219.7758615,127.1931039,64.27586194,18.84482775,25.70344807,141.8724131,301.5034485,361.3551709,454.3206892,3.604873562,3.811137931,3.781724124,3.94010344,3.787206896,3.565275875,3.304379328,3.605137915,3.355517239,3.027275866,3.362827585,3.717827608,4.000068936,16.77442528,12.74655165,12.80862065,13.7810345,14.02241381,15.87068972,19.34999979,22.36724143,22.65344837,20.67068968,17.9189655,15.45344833,13.64999991,13.29252872,10.11896544,9.774137924,10.36379306,10.57068969,12.163793,15.18448271,17.71551724,18.12931034,16.82241371,14.86379314,12.71551727,11.08793107,14.89712645,11.47413793,11.27413792,11.94655178,12.17758626,13.83275867,17.03965523,19.69482757,20.02931029,18.48793112,16.2810344,14.07413792,12.45344826
Sao Vicente,3,189,2573,9.95,45.02686057,837,0.571428598,0.002702703,0,0.97027027,0,0,0.027027027,88.32807985,217.8826092,212.4956516,144.8739128,78.02173942,-19.88478253,-87.2999999,-149.1978266,-121.3326088,18.81521736,178.2304349,256.8434787,330.4891321,0.645606884,0.653530434,0.647889132,0.626660869,0.649560869,0.652604347,0.641176089,0.607160869,0.624545649,0.653393478,0.669532611,0.655295649,0.665932606,191.4550721,267.5782593,276.5826098,235.5847818,192.9326096,115.0086957,64.47608682,23.74782616,31.40652155,130.321738,267.4521733,313.1456521,379.2239108,3.150447467,3.294652177,3.27319565,3.400652194,3.281217407,3.098956512,2.922760844,3.241434763,3.030108706,2.696717401,2.939152199,3.21745653,3.409065218,17.05289853,13.07608694,13.13478252,14.09782609,14.34347818,16.18695643,19.54782602,22.41304381,22.78695641,20.98043479,18.26304342,15.79999998,14.00434782,13.39963768,10.28695648,9.926086944,10.47391307,10.71304344,12.2978261,15.19130433,17.6152175,18.09347833,16.94130429,15.05000002,12.91304346,11.29347824,15.08568841,11.72391299,11.51956519,12.16521744,12.4152174,14.06086947,17.11956528,19.65869588,20.05652187,18.68478244,16.55217388,14.34565219,12.72608695
Sao Vicente,2,189,2574,0,132.3997166,692.4285714,0.589142889,0.013888889,0,0.833333333,0.020833333,0,0.131944444,79.60912683,202.5142866,199.1952384,135.3904771,68.4333329,-25.73333322,-87.66666739,-145.0190481,-118.2476193,15.25714272,166.0047611,239.1000003,306.0809508,0.646684525,0.648690473,0.647619049,0.629776188,0.648942859,0.653361911,0.648509531,0.621980951,0.634576184,0.653747624,0.665114289,0.650680956,0.657214284,181.1896818,251.6333306,261.790475,224.9523795,182.919047,109.1142862,62.77619117,23.78095254,30.55238088,124.4380947,253.2952394,294.4428529,354.5809515,2.991361115,3.140285719,3.119809565,3.242333333,3.119809525,2.945714309,2.758285698,3.041523797,2.85466667,2.556380976,2.800761887,3.069047633,3.24771427,17.60357145,13.84523805,13.85476194,14.73095244,15.01666673,16.73571423,19.81190473,22.40238108,22.95952388,21.51666668,18.96428571,16.5976191,14.80714285,14.02738096,11.09761906,10.6833334,11.18809518,11.45952384,12.94523811,15.56904752,17.71666672,18.38809522,17.58333338,15.82619059,13.74047611,12.13095243,15.67698413,12.51190472,12.26904756,12.83095233,13.11666661,14.6738096,17.44047628,19.70238113,20.3071428,19.28333319,17.29285717,15.15000003,13.54523818
Sao Vicente,1,189,2575,9.95,57.44008326,813.0533333,0.595200026,0.021001616,0.082390953,0.841680129,0.008077544,0,0.046849758,102.8224681,237.6367087,232.1392395,162.6860763,94.59620304,-11.74936699,-84.09620271,-148.3139245,-121.4949366,27.03797456,196.9417715,282.2265814,366.2594933,0.640573735,0.647051901,0.643953165,0.622913927,0.643668354,0.646898733,0.637158226,0.604851899,0.620163294,0.647655694,0.662877218,0.649856962,0.659835443,205.8246835,287.1316461,296.5405053,253.5670883,210.0886084,122.9569621,67.28481003,23.38227844,30.36329122,138.2696199,286.5189868,338.2341776,415.5582275,2.836883969,2.950012669,2.940645585,3.069924044,2.967050652,2.812050637,2.644316454,2.911683532,2.715999993,2.420873429,2.642139241,2.893594946,3.074316444,17.11097049,13.18037975,13.2322785,14.1753165,14.41708862,16.2208861,19.54113922,22.3765823,22.7879748,21.02721521,18.34873424,15.91202532,14.11202531,13.50179324,10.43227849,10.05,10.59303794,10.83860766,12.3930379,15.25379742,17.61075952,18.14113919,17.04873411,15.17911397,13.04873422,11.43227848,15.16550632,11.84367088,11.63101262,12.2639241,12.50696199,14.13227848,17.14746831,19.63860765,20.08544301,18.76898729,16.6537975,14.46772152,12.84620252
Santa Cruz,1,190,2576,29.35,309.605948,867,0.591757603,0.026845638,0.325503356,0.634228188,0.013422819,0,0,61.09573172,185.1902443,179.6878048,102.8731706,47.31707301,-38.99756059,-101.8560972,-162.2951225,-139.599999,-9.760975562,144.1926813,224.0853651,302.3121963,0.649518089,0.664341464,0.650336582,0.62487317,0.646192681,0.65091219,0.644343901,0.607500007,0.629168294,0.659536586,0.674292679,0.658770728,0.68394878,177.9186993,253.1439023,259.9926843,209.7707311,172.3097564,101.3878051,52.77561002,17.09024387,26.11707315,118.7804882,252.8536574,301.7926837,369.0097559,3.549306913,3.736463413,3.691463412,3.826146341,3.646682949,3.418414633,3.255780482,3.744243918,3.452829256,3.030414639,3.300170724,3.625853666,3.863219523,16.57886178,12.66951221,12.652439,13.55487805,13.80365851,15.64512197,19.15000013,22.17438996,22.3573172,20.33536576,17.72317075,15.30365846,13.57682931,13.59410568,10.39146336,10.04512196,10.61829272,10.81585365,12.41829265,15.59878038,18.26463416,18.56707317,17.07439018,15.09634148,12.91341465,11.32560977,14.97723575,11.54756099,11.33536585,12.00121952,12.21097562,13.89878052,17.19390232,19.94512186,20.16951226,18.49390239,16.32073158,14.09390245,12.51585367
Santa Cruz,3,190,2577,49.35,1361.191184,298.7222222,0.33705265,0.048387097,0.274193548,0.096774194,0.440860215,0.037634409,0.102150538,14.15099976,117.7039996,114.5040005,44.42799995,-3.612000136,-73.35200043,-118.5319998,-162.676001,-148.28,-45.70799973,80.36399948,150.1599997,214.8119989,0.625829333,0.624668,0.631011999,0.625455997,0.609992001,0.617064002,0.628391998,0.628764,0.627604001,0.624951999,0.628940001,0.625732,0.637376003,140.7893327,200.3679987,205.4999988,163.1639984,134.0039996,78.41600067,40.19199997,12.32399998,19.53600021,93.74400024,202.6039984,242.363999,297.2559985,3.545213332,3.758280001,3.702920008,3.841639996,3.628039999,3.389839993,3.207920017,3.73092,3.433199997,3.014599991,3.306240015,3.639839993,3.889119978,18.98833336,15.91800007,15.75399982,16.30199993,16.74200005,18.18200012,20.43400017,22.23799995,23.17000015,22.65800018,20.76199997,18.68999992,17.00999996,16.38566665,13.88200005,13.45400002,13.73799995,14.12599995,15.36600002,17.35000008,18.85800003,19.91400009,19.86199989,18.45799995,16.58599991,15.0339999,17.6,14.91399998,14.57799999,14.94199997,15.36200008,16.65799988,18.74199997,20.33800034,21.31000008,21.10200005,19.54599991,17.64599987,16.06199993
Santa Cruz,4,190,2578,9.95,563.9478798,351,0.450857162,0.226086957,0.226086957,0.313043478,0.182608696,0.008695652,0.043478261,30.93872574,139.6647061,137.8000008,65.67058833,12.17647061,-61.58823552,-109.3470594,-156.1647052,-139.7588232,-30.8294119,102.2352948,173.0705894,238.3352939,0.65415441,0.652117652,0.657023528,0.645876474,0.638482346,0.647217642,0.662035293,0.660529414,0.659964705,0.6557,0.65864705,0.649829409,0.66242941,152.3799022,217.0176463,223.8470594,178.5411754,144.388237,84.8647057,45.00000022,14.78823527,23.04705878,102.8117649,218.7764722,260.164707,315.311764,3.923568623,4.112941167,4.065000015,4.215411789,4.011294141,3.763117622,3.612529446,4.203470553,3.860117604,3.360705881,3.640058826,3.993529376,4.244647054,18.49264695,15.30294132,15.15588216,15.75588226,16.1499999,17.64999984,20.10882344,22.09705824,22.90882346,22.16764686,20.17941183,18.06176455,16.37352955,15.89607841,13.27352939,12.85588248,13.19705873,13.53823538,14.84411761,17.04411742,18.76764701,19.66764697,19.36764706,17.8617648,15.94999992,14.38529413,17.11421567,14.31470602,13.98529412,14.42058816,14.76176475,16.14411769,18.43235296,20.2264705,21.07352941,20.6147057,18.96176484,17.00294102,15.43235285
Santa Cruz,5,190,2579,29.35,455.4695202,371.5,0.487333354,0.106481481,0.375,0.263888889,0.208333333,0,0.046296296,29.29973119,135.8451624,133.396774,63.62258013,9.43548394,-61.64516104,-106.0483873,-150.6870959,-134.1838711,-29.11290309,98.44193563,166.3387092,226.1935474,0.658774462,0.653270973,0.659690319,0.648748392,0.646303227,0.655429027,0.670190323,0.668274189,0.667141936,0.661764516,0.662954832,0.652061291,0.659464515,146.4545697,208.7903236,216.0290311,172.983871,137.8774205,81.31290313,44.38709665,15.40645166,23.62580644,100.0451613,210.1064512,248.3935483,298.496772,3.675865587,3.818709681,3.783580626,3.91938711,3.754806426,3.5333871,3.434258061,3.995741906,3.663612912,3.167548387,3.394741912,3.714387102,3.930225818,18.52096766,15.39838717,15.23064506,15.81129022,16.19516111,17.68548375,20.06290319,21.98225803,22.84032243,22.18548369,20.23709679,18.14354835,16.47903218,15.99543011,13.41451617,12.97258066,13.3048387,13.65645159,14.93709672,17.09193556,18.78225806,19.72096775,19.45322584,17.99516124,16.08548392,14.53064512,17.17768813,14.4177419,14.08548389,14.48870967,14.85000004,16.21129033,18.4499999,20.19193526,21.0693547,20.66935478,19.033871,17.11451614,15.55000001
Santa Cruz,2,190,2580,9.95,59.13795627,808.4827586,0.677000027,0.013888889,0.259259259,0.726851852,0,0,0,63.96293105,186.1206897,181.4482764,106.8931038,47.65172399,-36.71724109,-95.45862132,-152.6724133,-128.4793117,-1.893103492,146.9758614,221.7965525,291.8896558,0.677306321,0.687103452,0.674375857,0.646110344,0.676220692,0.682979306,0.682251725,0.647458621,0.665941378,0.687658616,0.699999996,0.67825862,0.699317242,172.6948273,245.579311,253.7344839,205.4620677,165.8103448,98.23793109,53.24827563,18.56206894,27.84137943,117.4896548,245.7275843,290.5310332,350.1137927,3.641367821,3.78213792,3.75017241,3.883000004,3.734827576,3.517206907,3.410758643,3.928827606,3.612931021,3.136758607,3.363689661,3.680448302,3.895655196,16.74137929,12.94655182,12.90172422,13.76034487,14.02241381,15.81551726,19.18793113,22.05689608,22.32241387,20.4844826,17.95344839,15.57413785,13.87068962,13.8617816,10.71551721,10.36034482,10.91206902,11.12241373,12.68103445,15.76724125,18.36034479,18.71551724,17.34310357,15.4189655,13.26034487,11.68448277,15.19856316,11.85689653,11.61206893,12.25,12.47758625,14.12241367,17.31206874,19.96379306,20.23620678,18.71551731,16.59482736,14.40862057,12.83275867
Santana,1,191,2581,29.35,113.5322916,382.8888889,0.714000046,0,0.01754386,0.719298246,0,0,0.263157895,55.65075818,168.4363653,164.2181813,105.0363631,39.39090902,-42.90909091,-93.15454518,-139.7545457,-116.7909088,-1.099999991,132.6727274,198.2363642,253.5272786,0.654327272,0.645518184,0.654072724,0.647963638,0.650199999,0.658036357,0.665836367,0.659963635,0.657772731,0.654818177,0.65949091,0.648172725,0.650081813,157.1265152,218.2454543,227.0090929,195.2272741,156.2727287,94.75454643,56.02727231,22.24545461,28.78181804,109.2636358,221.0090887,254.4818185,302.1999983,2.557113628,2.68636361,2.665909052,2.759090922,2.655636332,2.503454555,2.367181821,2.626999963,2.459545461,2.189454577,2.388272719,2.620727279,2.762727239,18.74621209,15.40454535,15.34090909,16.04999976,16.40454526,17.94090895,20.39545458,22.36818227,23.31363643,22.61363619,20.43181818,18.23181829,16.45909075,15.37575759,12.78636369,12.33181815,12.6772728,13.04090907,14.35909089,16.39545458,18.02272745,19.05909105,18.93181801,17.44090904,15.53181822,13.9318181,16.93484849,14.13181816,13.84090909,14.25909103,14.60454533,15.98636332,18.17727297,19.87727321,20.84999986,20.54090899,18.85000003,16.84999995,15.24999991
Santana,5,191,2582,9.95,79.80515909,720.9,0.596842135,0.013513514,0.07027027,0.859459459,0.002702703,0.013513514,0.040540541,67.97720128,192.3245287,187.4528303,117.8867924,54.9792454,-33.77169814,-95.87735806,-154.4433962,-128.8169809,1.971698093,151.6867925,227.0358481,295.2981133,0.642374686,0.64960566,0.645273588,0.625322644,0.645198116,0.64840189,0.637735847,0.606745281,0.622203775,0.649330191,0.665045281,0.652403771,0.66123019,177.1753141,250.2396226,258.3037725,215.0245281,174.2471702,104.1773581,57.89056584,21.34528286,29.98679251,121.2490563,249.2716977,292.3566022,352.0113203,3.2145739,3.331754718,3.31147171,3.429905662,3.323207536,3.139358505,3.028735856,3.418886787,3.165132079,2.769169798,2.973113204,3.250075473,3.43407547,16.94323898,13.06320754,13.0820755,13.98396217,14.23867922,16.05943399,19.3971698,22.2273584,22.56509435,20.78396229,18.16698121,15.75566033,13.99528295,13.64811322,10.54056599,10.17075471,10.72169811,10.95566037,12.51981134,15.46698111,17.93867935,18.37830191,17.16509434,15.26509442,13.12924527,11.52547173,15.17421384,11.82735853,11.61415094,12.24622636,12.48962267,14.13113205,17.21792453,19.77452836,20.15566045,18.73490557,16.61981133,14.43867919,12.84056606
Santana,3,191,2583,0,12.2151463,904,0.589481512,0,0,1,0,0,0,88.0983871,219.9580634,213.9645164,144.4354824,76.43225787,-20.50322591,-89.49032224,-152.6903219,-122.4483867,19.26451622,179.6451628,258.0322566,330.5806461,0.638648653,0.651112904,0.641951605,0.617625806,0.644870968,0.646648382,0.628441928,0.587254841,0.609135485,0.647877414,0.668277416,0.654358058,0.666229033,190.5830641,268.0258056,276.5548411,233.270968,189.6645163,113.5612899,63.4741932,23.57096783,32.15483869,129.8354837,266.9451599,312.6838689,377.2548365,3.242446245,3.377806464,3.355806443,3.478129064,3.362580645,3.175193564,3.032677435,3.394290332,3.157225801,2.78435486,3.011290327,3.295806446,3.484193556,16.34677422,12.22419354,12.28548391,13.3048387,13.49838715,15.43709675,19.11451617,22.29193564,22.4177419,20.21774206,17.39516138,14.87903217,13.09516122,12.8408602,9.540322581,9.198387023,9.817741932,10.02741931,11.68548381,14.9338709,17.68548399,17.94032257,16.35645165,14.32419352,12.09838704,10.4822581,14.45672046,10.91774193,10.72741939,11.45322584,11.64677414,13.37903226,16.78870952,19.65322599,19.81774195,18.02096773,15.73387115,13.47580654,11.86612904
Santana,2,191,2584,9.95,52.90929128,704.075,0.6354286,0.013651877,0.030716724,0.897610922,0,0,0.058020478,70.78693192,192.4590917,187.7159094,123.4590905,57.3795455,-31.64545467,-91.14545458,-146.7772727,-120.6727272,7.656818317,154.5181817,226.2204552,290.2749998,0.654123484,0.657484091,0.654615905,0.637711366,0.654906815,0.660081817,0.655509086,0.630554545,0.641572731,0.659568176,0.672284092,0.658052271,0.667140907,174.4011367,243.8909097,252.6136378,214.9431822,173.3568181,104.4909091,59.9886361,23.06363639,30.68181814,120.0386365,244.8113639,284.397728,340.5363641,3.069481064,3.210477282,3.187545451,3.300704566,3.185318172,3.004931832,2.858295443,3.186772715,2.972318175,2.631795463,2.857340916,3.131704553,3.306568195,17.419697,13.659091,13.66363636,14.52954542,14.80454545,16.54999995,19.67272732,22.30227293,22.79318185,21.29090916,18.75909105,16.38636353,14.625,13.99772722,11.02045455,10.62954545,11.12272724,11.39772724,12.90681809,15.60909074,17.84090905,18.45227272,17.52954542,15.74772722,13.65909082,12.05681814,15.5785985,12.37272724,12.13409099,12.71590911,12.98863628,14.56363637,17.41136373,19.76136368,20.2772727,19.15454544,17.14090924,15.01590911,13.40681817
Santana,6,191,2585,9.95,36.73877789,923.6341463,0.514057171,0,0.03515625,0.9609375,0,0,0.00390625,75.46097576,206.5000007,201.0536592,127.4487811,65.66341521,-29.12926837,-99.86341486,-165.7024398,-136.4243907,5.304877996,164.6951225,245.007316,320.97805,0.626598577,0.639414633,0.631448784,0.60690488,0.632846347,0.633509757,0.614375608,0.573004877,0.594795121,0.635809756,0.656639024,0.64442195,0.656012195,186.3691059,264.1390247,271.6317061,224.4439027,184.0024399,108.9707316,58.59024373,20.48780479,29.46829275,125.609757,261.75122,309.9292696,377.4048782,4.022091473,4.180463427,4.150341464,4.304048782,4.157414628,3.922000048,3.766487822,4.263951226,3.944414662,3.456682903,3.724585367,4.074000018,4.320707324,16.16808943,12.00609754,12.08170728,13.08414638,13.29878046,15.24512196,18.99634152,22.24756097,22.32317078,20.0158537,17.1768292,14.66219504,12.87926832,12.78780488,9.442682918,9.115853624,9.759756088,9.930487854,11.61341462,14.95975606,17.80365856,17.99146345,16.29634145,14.21585367,11.97195123,10.35243898,14.34735773,10.75,10.58414633,11.31585365,11.49878058,13.25975606,16.74512191,19.70609772,19.81585377,17.90365847,15.58658532,13.29878046,11.70365852
Santana,4,191,2586,9.95,122.7058428,583.9722222,0.652533367,0.080701754,0.126315789,0.726315789,0.010526316,0,0.056140351,59.77249989,177.1974993,172.7499998,108.1899999,42.8324997,-40.22250009,-93.79750004,-144.0625008,-119.9025009,0.372499908,139.2775002,207.8625023,266.7724995,0.665680415,0.664982499,0.664875001,0.651222497,0.66329,0.670442498,0.673124994,0.6568325,0.662052497,0.669005002,0.67789,0.663652495,0.670795,163.6635415,229.8350006,238.4324993,200.5175007,160.0475004,96.83999939,55.94749994,21.82749987,29.82249999,113.8574993,230.9999996,267.6999977,318.135001,2.660297911,2.772274977,2.75252499,2.843724987,2.749999988,2.593625,2.496600008,2.806750011,2.605599999,2.287574998,2.465550002,2.701949987,2.847399986,17.835,14.28000002,14.23000009,15.0125,15.31750002,16.99000003,19.84999995,22.21249986,22.85500011,21.65749989,19.30750008,17.0175,15.28999991,14.64687499,11.81249995,11.4,11.83750002,12.13750002,13.56750002,16.06499999,18.09000001,18.83999991,18.17249992,16.4925,14.46499999,12.88250003,16.12375001,13.07750003,12.80499997,13.31999998,13.62749999,15.1249999,17.75750008,19.87250018,20.53499999,19.67999992,17.80999999,15.73500004,14.14000001
